Type,Name,Request Count,Failure Count,Median Response Time,Average Response Time,Min Response Time,Max Response Time,Average Content Size,Requests/s,Failures/s,50%,66%,75%,80%,90%,95%,98%,99%,99.9%,99.99%,100%
POST,POST /etl (integration),32,0,8300.0,8307.15133075003,8242.475697000373,8415.447590999975,90.0,0.4942894697476484,0.0,8300,8300,8300,8300,8400,8400,8400,8400,8400,8400,8400
,Aggregated,32,0,8300.0,8307.15133075003,8242.475697000373,8415.447590999975,90.0,0.4942894697476484,0.0,8300,8300,8300,8300,8400,8400,8400,8400,8400,8400,8400
